data_type;address;label;value
Discrete Inputs;1;D/G#1 Over Speed;0
Discrete Inputs;2;D/G#1 Engine Start Failure;0
Discrete Inputs;3;D/G#1 Turbo-charger gas outlet temp switch (2nd);0
Discrete Inputs;4;D/G#1 Heavy fault of oil mist detector ;0
Discrete Inputs;5;D/G#1 L.O press.switch for engine (2nd);0
Discrete Inputs;6;D/G#1 Jacket water thermal switch (2nd);0
Discrete Inputs;7;D/G#1 L.O press.switch for turbo-charger(2nd);0
Discrete Inputs;8;D/G#1 Jacket water press.switch (2nd);0
Discrete Inputs;12;D/G#1 Jacket water flow relay;0
Discrete Inputs;18;D/G#1 Light fault of oil mist detector;0
Discrete Inputs;19;D/G#1 Light fault of oil mist detector system failure;0
Discrete Inputs;20;D/G#1 LO press.switch for engine(1st);0
Discrete Inputs;21;D/G#1 LO press.switch for priming;0
Discrete Inputs;22;D/G#1 Cooler water press switch;0
Discrete Inputs;23;D/G#1 L.O. press switch for turbo-charger (1st);0
Discrete Inputs;24;D/G#1 Jacket water thermal switch (1st);0
Discrete Inputs;25;D/G#1 Cooler water thermal switch;0
Discrete Inputs;26;D/G#1 L.O. thermal switch;0
Discrete Inputs;27;D/G#1 L.O. sump tank level switch;0
Discrete Inputs;28;D/G#1 Jacket water press switch (1st);0
Discrete Inputs;29;D/G#1 L.O. filter differential press switch;0
Discrete Inputs;31;D/G#1 F.O leak tank level switch;0
Discrete Inputs;32;D/G#1 Cooler water flow relay;0
Discrete Inputs;33;D/G#1 Level switch for C.W. expansion tank;0
Discrete Inputs;34;D/G#1 Level switch for C.W. expansion tank;0
Discrete Inputs;35;D/G#1 Level switch for J.W. expansion tank;0
Discrete Inputs;36;D/G#1 Level switch for J.W. expansion tank;0
Discrete Inputs;37;D/G#1 Level switch for DO service tank level high;0
Discrete Inputs;38;D/G#1 Level switch for DO service tank level low;0
Discrete Inputs;39;D/G#1 F.O press.switch;0
Discrete Inputs;45;D/G#1 Over Speed (mechanical side);0
Discrete Inputs;46;D/G#1 Thermal switch for alternator beaing(Fly-wheel side);0
Discrete Inputs;47;"D/G#1 Thermal switch for alternator beaing
(Anti-Fly-wheel side)";0
Discrete Inputs;48;D/G#1 RATED SPEED;0
Discrete Inputs;49;D/G#1 LOW SPEED;0
Discrete Inputs;50;D/G#1 STARTING SOLENOID VALVE;0
Discrete Inputs;51;D/G#1 FUEL SHUT DOWN DEVICE;0
Discrete Inputs;52;D/G#1 FUEL CONTROL PISTON MAGNETIC VALVE;0
Discrete Inputs;53;D/G#1 FUEL OIL CUT PISTON MAGNETIC VALVE;0
Discrete Inputs;54;D/G#1 GOVERNOR HANDLE SWITCH;0
Discrete Inputs;55;D/G#1 TURNING HANDLE POSITION SWITCH(ON AT TURNING DEVICE OUT);0
Discrete Inputs;56;D/G#1 TURBO-CHARGER GAS OUTLET TEMP. SWITCH (1st);0
Discrete Inputs;57;D/G#1 Limit switch for change over valve;0
Discrete Inputs;58;D/G#1 Limit switch for change over valve;0
Discrete Inputs;59;D/G#1 Limit switch for change over valve;0
Discrete Inputs;60;D/G#1 Limit switch for change over valve;0
Discrete Inputs;65;D/G#1 VCB Status: Close;0
Discrete Inputs;66;D/G#1 VCB Status: Open;0
Discrete Inputs;67;D/G#1 VCB Status: Fault (Non-close)/trip;0
Discrete Inputs;69; No.1 Turning Motor - Abnormal trip;0
Discrete Inputs;70; No.1 Turning Motor - FWD Running;0
Discrete Inputs;71; No.1 Turning Motor - Rev Running;0
Discrete Inputs;72; No.1 Turning Motor -Remote mode;0
Discrete Inputs;73; No.1 LO Priming Pump - Auto start;0
Discrete Inputs;74; No.1 LO Priming Pump - Auto stop;0
Discrete Inputs;75; No.1 LO Priming Pump - Abnormal trip;0
Discrete Inputs;76; No.1 LO Priming Pump - Running;0
Discrete Inputs;77; No.1 LO Priming Pump - Auto mode;0
Discrete Inputs;80; No.1 Mist Fan - Auto start;0
Discrete Inputs;81; No.1 Mist Fan - Auto stop;0
Discrete Inputs;82; No.1 Mist Fan - Abnormal trip;0
Discrete Inputs;83; No.1 Mist Fan - Running;0
Discrete Inputs;84; No.1 Mist Fan - Auto mode;0
Discrete Inputs;85; No.1 DO/HO inlet change valve - Energize;0
Discrete Inputs;87; No.1 DO/HO out change valve - Energize;0
Discrete Inputs;89; No.1 Alternator Space heater - Auto start;0
Discrete Inputs;90; No.1 Alternator Space heater - Auto stop;0
Discrete Inputs;91; No.1 Alternator Space heater - Abnormal trip;0
Discrete Inputs;92; No.1 Alternator Space heater - Running;0
Discrete Inputs;93; No.1 Alternator Space heater - Auto mode;0
Discrete Inputs;94; No.1 HT Radiator Fan Motor - Auto start;0
Discrete Inputs;95; No.1 HT Radiator Fan Motor - Auto stop;0
Discrete Inputs;96; No.1 HT Radiator Fan Motor - Abnormal trip;0
Discrete Inputs;97; No.1 HT Radiator Fan Motor - Running;0
Discrete Inputs;98; No.1 HT Radiator Fan Motor - Auto mode;0
Discrete Inputs;99; No.1 LT Radiator Fan Motor - Auto start;0
Discrete Inputs;100; No.1 LT Radiator Fan Motor - Auto stop;0
Discrete Inputs;101; No.1 LT Radiator Fan Motor - Abnormal trip;0
Discrete Inputs;102; No.1 LT Radiator Fan Motor - Running;0
Discrete Inputs;103; No.1 LT Radiator Fan Motor - Auto mode;0
Discrete Inputs;104; No.1 LO purifier heater - Abnormal trip;0
Discrete Inputs;105; No.1 LO purifier heater - Running;0
Discrete Inputs;106; No.1 LO purifier pump - Abnormal trip;0
Discrete Inputs;107; No.1 LO purifier pump - Running;0
Discrete Inputs;401;D/G#2 Over Speed;0
Discrete Inputs;402;D/G#2 Engine Start Failure;0
Discrete Inputs;403;D/G#2 Turbo-charger gas outlet temp switch (2nd);0
Discrete Inputs;404;D/G#2 Heavy fault of oil mist detector ;0
Discrete Inputs;405;D/G#2 L.O press.switch for engine (2nd);0
Discrete Inputs;406;D/G#2 Jacket water thermal switch (2nd);0
Discrete Inputs;407;D/G#2 L.O press.switch for turbo-charger(2nd);0
Discrete Inputs;408;D/G#2 Jacket water press.switch (2nd);0
Discrete Inputs;412;D/G#2 Jacket water flow relay;0
Discrete Inputs;418;D/G#2 Light fault of oil mist detector;0
Discrete Inputs;419;D/G#2 Light fault of oil mist detector system failure;0
Discrete Inputs;420;D/G#2 LO press.switch for engine(1st);0
Discrete Inputs;421;D/G#2 LO press.switch for priming;0
Discrete Inputs;422;D/G#2 Cooler water press switch;0
Discrete Inputs;423;D/G#2 L.O. press switch for turbo-charger (1st);0
Discrete Inputs;424;D/G#2 Jacket water thermal switch (1st);0
Discrete Inputs;425;D/G#2 Cooler water thermal switch;0
Discrete Inputs;426;D/G#2 L.O. thermal switch;0
Discrete Inputs;427;D/G#2 L.O. sump tank level switch;0
Discrete Inputs;428;D/G#2 Jacket water press switch (1st);0
Discrete Inputs;429;D/G#2 L.O. filter differential press switch;0
Discrete Inputs;431;D/G#2 F.O leak tank level switch;0
Discrete Inputs;432;D/G#2 Cooler water flow relay;0
Discrete Inputs;433;D/G#2 Level switch for C.W. expansion tank;0
Discrete Inputs;434;D/G#2 Level switch for C.W. expansion tank;0
Discrete Inputs;435;D/G#2 Level switch for J.W. expansion tank;0
Discrete Inputs;436;D/G#2 Level switch for J.W. expansion tank;0
Discrete Inputs;437;D/G#2 Level switch for DO service tank level high;0
Discrete Inputs;438;D/G#2 Level switch for DO service tank level low;0
Discrete Inputs;439;D/G#2 F.O press.switch;0
Discrete Inputs;445;D/G#2 Over Speed (mechanical side);0
Discrete Inputs;446;D/G#2 Thermal switch for alternator beaing(Fly-wheel side);0
Discrete Inputs;447;"D/G#2 Thermal switch for alternator beaing
(Anti-Fly-wheel side)";0
Discrete Inputs;448;D/G#2 RATED SPEED;0
Discrete Inputs;449;D/G#2 LOW SPEED;0
Discrete Inputs;450;D/G#2 STARTING SOLENOID VALVE;0
Discrete Inputs;451;D/G#2 FUEL SHUT DOWN DEVICE;0
Discrete Inputs;452;D/G#2 FUEL CONTROL PISTON MAGNETIC VALVE;0
Discrete Inputs;453;D/G#2 FUEL OIL CUT PISTON MAGNETIC VALVE;0
Discrete Inputs;454;D/G#2 GOVERNOR HANDLE SWITCH;0
Discrete Inputs;455;D/G#2 TURNING HANDLE POSITION SWITCH(ON AT TURNING DEVICE OUT);0
Discrete Inputs;456;D/G#2 TURBO-CHARGER GAS OUTLET TEMP. SWITCH (1st);0
Discrete Inputs;457;D/G#2 Limit switch for change over valve;0
Discrete Inputs;458;D/G#2 Limit switch for change over valve;0
Discrete Inputs;459;D/G#2 Limit switch for change over valve;0
Discrete Inputs;460;D/G#2 Limit switch for change over valve;0
Discrete Inputs;465;D/G#2 VCB Status: Close;0
Discrete Inputs;466;D/G#2 VCB Status: Open;0
Discrete Inputs;467;D/G#2 VCB Status: Fault (Non-close)/trip;0
Discrete Inputs;469; No.2 Turning Motor - Abnormal trip;0
Discrete Inputs;470; No.2 Turning Motor - FWD Running;0
Discrete Inputs;471; No.2 Turning Motor - Rev Running;0
Discrete Inputs;472; No.2 Turning Motor -Remote mode;0
Discrete Inputs;473; No.2 LO Priming Pump - Auto start;0
Discrete Inputs;474; No.2 LO Priming Pump - Auto stop;0
Discrete Inputs;475; No.2 LO Priming Pump - Abnormal trip;0
Discrete Inputs;476; No.2 LO Priming Pump - Running;0
Discrete Inputs;477; No.2 LO Priming Pump - Auto mode;0
Discrete Inputs;480; No.2 Mist Fan - Auto start;0
Discrete Inputs;481; No.2 Mist Fan - Auto stop;0
Discrete Inputs;482; No.2 Mist Fan - Abnormal trip;0
Discrete Inputs;483; No.2 Mist Fan - Running;0
Discrete Inputs;484; No.2 Mist Fan - Auto mode;0
Discrete Inputs;485; No.2 DO/HO inlet change valve - Energize;0
Discrete Inputs;487; No.2 DO/HO out change valve - Energize;0
Discrete Inputs;489; No.2 Alternator Space heater - Auto start;0
Discrete Inputs;490; No.2 Alternator Space heater - Auto stop;0
Discrete Inputs;491; No.2 Alternator Space heater - Abnormal trip;0
Discrete Inputs;492; No.2 Alternator Space heater - Running;0
Discrete Inputs;493; No.2 Alternator Space heater - Auto mode;0
Discrete Inputs;494; No.2 HT Radiator Fan Motor - Auto start;0
Discrete Inputs;495; No.2 HT Radiator Fan Motor - Auto stop;0
Discrete Inputs;496; No.2 HT Radiator Fan Motor - Abnormal trip;0
Discrete Inputs;497; No.2 HT Radiator Fan Motor - Running;0
Discrete Inputs;498; No.2 HT Radiator Fan Motor - Auto mode;0
Discrete Inputs;499; No.2 LT Radiator Fan Motor - Auto start;0
Discrete Inputs;500; No.2 LT Radiator Fan Motor - Auto stop;0
Discrete Inputs;501; No.2 LT Radiator Fan Motor - Abnormal trip;0
Discrete Inputs;502; No.2 LT Radiator Fan Motor - Running;0
Discrete Inputs;503; No.2 LT Radiator Fan Motor - Auto mode;0
Discrete Inputs;504; No.2 LO purifier heater - Abnormal trip;0
Discrete Inputs;505; No.2 LO purifier heater - Running;0
Discrete Inputs;506; No.2 LO purifier pump - Abnormal trip;0
Discrete Inputs;507; No.2 LO purifier pump - Running;0
Discrete Inputs;801;D/G#3 Over Speed;0
Discrete Inputs;802;D/G#3 Engine Start Failure;0
Discrete Inputs;803;D/G#3 Turbo-charger gas outlet temp switch (2nd);0
Discrete Inputs;804;D/G#3 Heavy fault of oil mist detector ;0
Discrete Inputs;805;D/G#3 L.O press.switch for engine (2nd);0
Discrete Inputs;806;D/G#3 Jacket water thermal switch (2nd);0
Discrete Inputs;807;D/G#3 L.O press.switch for turbo-charger(2nd);0
Discrete Inputs;808;D/G#3 Jacket water press.switch (2nd);0
Discrete Inputs;812;D/G#3 Jacket water flow relay;0
Discrete Inputs;818;D/G#3 Light fault of oil mist detector;0
Discrete Inputs;819;D/G#3 Light fault of oil mist detector system failure;0
Discrete Inputs;820;D/G#3 LO press.switch for engine(1st);0
Discrete Inputs;821;D/G#3 LO press.switch for priming;0
Discrete Inputs;822;D/G#3 Cooler water press switch;0
Discrete Inputs;823;D/G#3 L.O. press switch for turbo-charger (1st);0
Discrete Inputs;824;D/G#3 Jacket water thermal switch (1st);0
Discrete Inputs;825;D/G#3 Cooler water thermal switch;0
Discrete Inputs;826;D/G#3 L.O. thermal switch;0
Discrete Inputs;827;D/G#3 L.O. sump tank level switch;0
Discrete Inputs;828;D/G#3 Jacket water press switch (1st);0
Discrete Inputs;829;D/G#3 L.O. filter differential press switch;0
Discrete Inputs;831;D/G#3 F.O leak tank level switch;0
Discrete Inputs;832;D/G#3 Cooler water flow relay;0
Discrete Inputs;833;D/G#3 Level switch for C.W. expansion tank;0
Discrete Inputs;834;D/G#3 Level switch for C.W. expansion tank;0
Discrete Inputs;835;D/G#3 Level switch for J.W. expansion tank;0
Discrete Inputs;836;D/G#3 Level switch for J.W. expansion tank;0
Discrete Inputs;837;D/G#3 Level switch for DO service tank level high;0
Discrete Inputs;838;D/G#3 Level switch for DO service tank level low;0
Discrete Inputs;839;D/G#3 F.O press.switch;0
Discrete Inputs;845;D/G#3 Over Speed (mechanical side);0
Discrete Inputs;846;D/G#3 Thermal switch for alternator beaing(Fly-wheel side);0
Discrete Inputs;847;"D/G#3 Thermal switch for alternator beaing
(Anti-Fly-wheel side)";0
Discrete Inputs;848;D/G#3 RATED SPEED;0
Discrete Inputs;849;D/G#3 LOW SPEED;0
Discrete Inputs;850;D/G#3 STARTING SOLENOID VALVE;0
Discrete Inputs;851;D/G#3 FUEL SHUT DOWN DEVICE;0
Discrete Inputs;852;D/G#3 FUEL CONTROL PISTON MAGNETIC VALVE;0
Discrete Inputs;853;D/G#3 FUEL OIL CUT PISTON MAGNETIC VALVE;0
Discrete Inputs;854;D/G#3 GOVERNOR HANDLE SWITCH;0
Discrete Inputs;855;D/G#3 TURNING HANDLE POSITION SWITCH(ON AT TURNING DEVICE OUT);0
Discrete Inputs;856;D/G#3 TURBO-CHARGER GAS OUTLET TEMP. SWITCH (1st);0
Discrete Inputs;857;D/G#3 Limit switch for change over valve;0
Discrete Inputs;858;D/G#3 Limit switch for change over valve;0
Discrete Inputs;859;D/G#3 Limit switch for change over valve;0
Discrete Inputs;860;D/G#3 Limit switch for change over valve;0
Discrete Inputs;865;D/G#3 VCB Status: Close;0
Discrete Inputs;866;D/G#3 VCB Status: Open;0
Discrete Inputs;867;D/G#3 VCB Status: Fault (Non-close)/trip;0
Discrete Inputs;869; No.3 Turning Motor - Abnormal trip;0
Discrete Inputs;870; No.3 Turning Motor - FWD Running;0
Discrete Inputs;871; No.3 Turning Motor - Rev Running;0
Discrete Inputs;872; No.3 Turning Motor -Remote mode;0
Discrete Inputs;873; No.3 LO Priming Pump - Auto start;0
Discrete Inputs;874; No.3 LO Priming Pump - Auto stop;0
Discrete Inputs;875; No.3 LO Priming Pump - Abnormal trip;0
Discrete Inputs;876; No.3 LO Priming Pump - Running;0
Discrete Inputs;877; No.3 LO Priming Pump - Auto mode;0
Discrete Inputs;880; No.3 Mist Fan - Auto start;0
Discrete Inputs;881; No.3 Mist Fan - Auto stop;0
Discrete Inputs;882; No.3 Mist Fan - Abnormal trip;0
Discrete Inputs;883; No.3 Mist Fan - Running;0
Discrete Inputs;884; No.3 Mist Fan - Auto mode;0
Discrete Inputs;885; No.3 DO/HO inlet change valve - Energize;0
Discrete Inputs;887; No.3 DO/HO out change valve - Energize;0
Discrete Inputs;889; No.3 Alternator Space heater - Auto start;0
Discrete Inputs;890; No.3 Alternator Space heater - Auto stop;0
Discrete Inputs;891; No.3 Alternator Space heater - Abnormal trip;0
Discrete Inputs;892; No.3 Alternator Space heater - Running;0
Discrete Inputs;893; No.3 Alternator Space heater - Auto mode;0
Discrete Inputs;894; No.3 HT Radiator Fan Motor - Auto start;0
Discrete Inputs;895; No.3 HT Radiator Fan Motor - Auto stop;0
Discrete Inputs;896; No.3 HT Radiator Fan Motor - Abnormal trip;0
Discrete Inputs;897; No.3 HT Radiator Fan Motor - Running;0
Discrete Inputs;898; No.3 HT Radiator Fan Motor - Auto mode;0
Discrete Inputs;899; No.3 LT Radiator Fan Motor - Auto start;0
Discrete Inputs;900; No.3 LT Radiator Fan Motor - Auto stop;0
Discrete Inputs;901; No.3 LT Radiator Fan Motor - Abnormal trip;0
Discrete Inputs;902; No.3 LT Radiator Fan Motor - Running;0
Discrete Inputs;903; No.3 LT Radiator Fan Motor - Auto mode;0
Discrete Inputs;904; No.3 LO purifier heater - Abnormal trip;0
Discrete Inputs;905; No.3 LO purifier heater - Running;0
Discrete Inputs;906; No.3 LO purifier pump - Abnormal trip;0
Discrete Inputs;907; No.3 LO purifier pump - Running;0
Discrete Inputs;1201;D/G#4 Over Speed;0
Discrete Inputs;1202;D/G#4 Engine Start Failure;0
Discrete Inputs;1203;D/G#4 Turbo-charger gas outlet temp switch (2nd);0
Discrete Inputs;1204;D/G#4 Heavy fault of oil mist detector ;0
Discrete Inputs;1205;D/G#4 L.O press.switch for engine (2nd);0
Discrete Inputs;1206;D/G#4 Jacket water thermal switch (2nd);0
Discrete Inputs;1207;D/G#4 L.O press.switch for turbo-charger(2nd);0
Discrete Inputs;1208;D/G#4 Jacket water press.switch (2nd);0
Discrete Inputs;1212;D/G#4 Jacket water flow relay;0
Discrete Inputs;1218;D/G#4 Light fault of oil mist detector;0
Discrete Inputs;1219;D/G#4 Light fault of oil mist detector system failure;0
Discrete Inputs;1220;D/G#4 LO press.switch for engine(1st);0
Discrete Inputs;1221;D/G#4 LO press.switch for priming;0
Discrete Inputs;1222;D/G#4 Cooler water press switch;0
Discrete Inputs;1223;D/G#4 L.O. press switch for turbo-charger (1st);0
Discrete Inputs;1224;D/G#4 Jacket water thermal switch (1st);0
Discrete Inputs;1225;D/G#4 Cooler water thermal switch;0
Discrete Inputs;1226;D/G#4 L.O. thermal switch;0
Discrete Inputs;1227;D/G#4 L.O. sump tank level switch;0
Discrete Inputs;1228;D/G#4 Jacket water press switch (1st);0
Discrete Inputs;1229;D/G#4 L.O. filter differential press switch;0
Discrete Inputs;1230;D/G#4 T/C L.O filter differential press switch;0
Discrete Inputs;1231;D/G#4 F.O leak tank level switch;0
Discrete Inputs;1232;D/G#4 Cooler water flow relay;0
Discrete Inputs;1233;D/G#4 Level switch for C.W. expansion tank;0
Discrete Inputs;1234;D/G#4 Level switch for C.W. expansion tank;0
Discrete Inputs;1235;D/G#4 Level switch for J.W. expansion tank;0
Discrete Inputs;1236;D/G#4 Level switch for J.W. expansion tank;0
Discrete Inputs;1237;D/G#4 Level switch for DO service tank level high;0
Discrete Inputs;1238;D/G#4 Level switch for DO service tank level low;0
Discrete Inputs;1239;D/G#4 F.O press.switch;0
Discrete Inputs;1245;D/G#4 Over Speed (mechanical side);0
Discrete Inputs;1246;D/G#4 Thermal switch for alternator beaing(Fly-wheel side);0
Discrete Inputs;1247;"D/G#4 Thermal switch for alternator beaing
(Anti-Fly-wheel side)";0
Discrete Inputs;1248;D/G#4 RATED SPEED;0
Discrete Inputs;1249;D/G#4 LOW SPEED;0
Discrete Inputs;1250;D/G#4 STARTING SOLENOID VALVE;0
Discrete Inputs;1251;D/G#4 FUEL SHUT DOWN DEVICE;0
Discrete Inputs;1252;D/G#4 FUEL CONTROL PISTON MAGNETIC VALVE;0
Discrete Inputs;1253;D/G#4 FUEL OIL CUT PISTON MAGNETIC VALVE;0
Discrete Inputs;1254;D/G#4 GOVERNOR HANDLE SWITCH;0
Discrete Inputs;1255;D/G#4 TURNING HANDLE POSITION SWITCH(ON AT TURNING DEVICE OUT);0
Discrete Inputs;1256;D/G#4 TURBO-CHARGER GAS OUTLET TEMP. SWITCH (1st);0
Discrete Inputs;1257;D/G#4 Limit switch for change over valve;0
Discrete Inputs;1258;D/G#4 Limit switch for change over valve;0
Discrete Inputs;1259;D/G#4 Limit switch for change over valve;0
Discrete Inputs;1260;D/G#4 Limit switch for change over valve;0
Discrete Inputs;1265;D/G#4 VCB Status: Close;0
Discrete Inputs;1266;D/G#4 VCB Status: Open;0
Discrete Inputs;1267;D/G#4 VCB Status: Fault (Non-close)/trip;0
Discrete Inputs;1269; No.4 Turning Motor - Abnormal trip;0
Discrete Inputs;1270; No.4 Turning Motor - FWD Running;0
Discrete Inputs;1271; No.4 Turning Motor - Rev Running;0
Discrete Inputs;1272; No.4 Turning Motor -Remote mode;0
Discrete Inputs;1273; No.4 LO Priming Pump - Auto start;0
Discrete Inputs;1274; No.4 LO Priming Pump - Auto stop;0
Discrete Inputs;1275; No.4 LO Priming Pump - Abnormal trip;0
Discrete Inputs;1276; No.4 LO Priming Pump - Running;0
Discrete Inputs;1277; No.4 LO Priming Pump - Auto mode;0
Discrete Inputs;1280; No.4 Mist Fan - Auto start;0
Discrete Inputs;1281; No.4 Mist Fan - Auto stop;0
Discrete Inputs;1282; No.4 Mist Fan - Abnormal trip;0
Discrete Inputs;1283; No.4 Mist Fan - Running;0
Discrete Inputs;1284; No.4 Mist Fan - Auto mode;0
Discrete Inputs;1285; No.4 DO/HO inlet change valve - Energize;0
Discrete Inputs;1287; No.4 DO/HO out change valve - Energize;0
Discrete Inputs;1289; No.4 Alternator Space heater - Auto start;0
Discrete Inputs;1290; No.4 Alternator Space heater - Auto stop;0
Discrete Inputs;1291; No.4 Alternator Space heater - Abnormal trip;0
Discrete Inputs;1292; No.4 Alternator Space heater - Running;0
Discrete Inputs;1293; No.4 Alternator Space heater - Auto mode;0
Discrete Inputs;1294; No.4 HT Radiator Fan Motor - Auto start;0
Discrete Inputs;1295; No.4 HT Radiator Fan Motor - Auto stop;0
Discrete Inputs;1296; No.4 HT Radiator Fan Motor - Abnormal trip;0
Discrete Inputs;1297; No.4 HT Radiator Fan Motor - Running;0
Discrete Inputs;1298; No.4 HT Radiator Fan Motor - Auto mode;0
Discrete Inputs;1299; No.4 LT Radiator Fan Motor - Auto start;0
Discrete Inputs;1300; No.4 LT Radiator Fan Motor - Auto stop;0
Discrete Inputs;1301; No.4 LT Radiator Fan Motor - Abnormal trip;0
Discrete Inputs;1302; No.4 LT Radiator Fan Motor - Running;0
Discrete Inputs;1303; No.4 LT Radiator Fan Motor - Auto mode;0
Discrete Inputs;1304; No.4 LO purifier heater - Abnormal trip;0
Discrete Inputs;1305; No.4 LO purifier heater - Running;0
Discrete Inputs;1306; No.4 LO purifier pump - Abnormal trip;0
Discrete Inputs;1307; No.4 LO purifier pump - Running;0
Discrete Inputs;1601; Air receiver press switch (Below 2.16MPa);0
Discrete Inputs;1604; Air receiver press switch (Below 1.77MPa);0
Discrete Inputs;1607; Level switch for DO service tank level control;0
Discrete Inputs;1608; Level switch for HO settling tank level high;0
Discrete Inputs;1609; Level switch for HO settling tank level low;0
Discrete Inputs;1610; Level switch for HO settling tank level control;0
Discrete Inputs;1611; Level switch for HO service tank level low;0
Discrete Inputs;1612; Level switch for F.O drain tank level control;0
Discrete Inputs;1613; Level switch for F.O drain tank;0
Discrete Inputs;1614; Press switch for auto back wash filter;0
Discrete Inputs;1616; No.1 Air Compressor - Auto mode;0
Discrete Inputs;1617; No.2 Air Compressor - Auto start;0
Discrete Inputs;1619; Thermostat switch for line heater;0
Discrete Inputs;1620; Thermostat switch for line heater;0
Discrete Inputs;1621; Thermostat sensor for HO Settling tank;0
Discrete Inputs;1622; (Thermostat sensor for HO Settling tank heater);0
Discrete Inputs;1623; Thermostat switch for HO Service tank heater;0
Discrete Inputs;1624; Thermostat switch for HO Service tank(upper);0
Discrete Inputs;1625; (Thermostat switch for HO Service tank heater);0
Discrete Inputs;1626; Thermostat switch for HO Engine inlet;0
Discrete Inputs;1627; Thermostat switch for HO Engine inlet;0
Discrete Inputs;1628; Press switch for HO piping;0
Discrete Inputs;1629; Press switch for DO piping;0
Discrete Inputs;1630; Thermostat switch for Drain Tank ;0
Discrete Inputs;1631; (Thermostat switch for Drain Tank Heater);0
Discrete Inputs;1636; No.1 Air Compressor - Auto start;0
Discrete Inputs;1637; No.1 Air Compressor - Auto Stop;0
Discrete Inputs;1638; No.1 Air Compressor - Abnormal trip;0
Discrete Inputs;1639; No.1 Air Compressor - Running ;0
Discrete Inputs;1642; No.2 Air Compressor - Auto Stop;0
Discrete Inputs;1644; No.2 Air Compressor - Running ;0
Discrete Inputs;1645; No.2 Air Compressor - Auto mode;0
Discrete Inputs;1646; No.1 DO Transfer Pump - Auto start;0
Discrete Inputs;1647; No.1 DO Transfer Pump - Auto stop;0
Discrete Inputs;1648; No.1 DO Transfer Pump - Abnormal trip;0
Discrete Inputs;1649; No.1 DO Transfer Pump - Running;0
Discrete Inputs;1650; No.1 DO Transfer Pump - Auto mode;0
Discrete Inputs;1651; No.2 DO Transfer Pump - Auto start;0
Discrete Inputs;1652; No.2 DO Transfer Pump - Auto stop;0
Discrete Inputs;1653; No.2 DO Transfer Pump - Abnormal trip;0
Discrete Inputs;1654; No.2 DO Transfer Pump - Running;0
Discrete Inputs;1655; No.2 DO Transfer Pump - Auto mode;0
Discrete Inputs;1656; No.1 DO Feed Pump - Auto start;0
Discrete Inputs;1657; No.1 DO Feed Pump - Auto stop;0
Discrete Inputs;1658; No.1 DO Feed Pump - Abnormal trip;0
Discrete Inputs;1659; No.1 DO Feed Pump - Running;0
Discrete Inputs;1660; No.1 DO Feed Pump - Auto start;0
Discrete Inputs;1661; No.2DO Feed Pump - Auto start;0
Discrete Inputs;1662; No.2 DO Feed Pump - Auto stop;0
Discrete Inputs;1663; No.2 DO Feed Pump - Abnormal trip;0
Discrete Inputs;1664; No.2 DO Feed Pump - Running;0
Discrete Inputs;1665; No.2 DO Feed Pump - Auto start;0
Discrete Inputs;1666; No.1 HO Transfer Pump - Auto start;0
Discrete Inputs;1667; No.1 HO Transfer Pump - Auto stop;0
Discrete Inputs;1668; No.1 HO Transfer Pump - Abnormal trip;0
Discrete Inputs;1669; No.1 HO Transfer Pump - Running;0
Discrete Inputs;1670; No.1 HO Transfer Pump - Auto mode;0
Discrete Inputs;1671; No.2 HO Transfer Pump - Auto start;0
Discrete Inputs;1672; No.2 HO Transfer Pump - Auto stop;0
Discrete Inputs;1673; No.1 HO Transfer Pump - Abnormal trip;0
Discrete Inputs;1674; No.1 HO Transfer Pump - Running;0
Discrete Inputs;1675; No.1 HO Transfer Pump - Auto mode;0
Discrete Inputs;1676; No.1 HO Pressure Pump - Auto start;0
Discrete Inputs;1677; No.1 HO Pressure Pump - Auto stop;0
Discrete Inputs;1678; No.1 HO Pressure Pump - Abnormal trip;0
Discrete Inputs;1679; No.1 HO Pressure Pump - Running;0
Discrete Inputs;1680; No.1 HO Pressure Pump - Auto mode;0
Discrete Inputs;1681; No.2 HO Pressure Pump - Auto start;0
Discrete Inputs;1682; No.2 HO Pressure Pump - Auto stop;0
Discrete Inputs;1683; No.2 HO Pressure Pump - Abnormal trip;0
Discrete Inputs;1684; No.2 HO Pressure Pump - Running;0
Discrete Inputs;1685; No.2 HO Pressure Pump - Auto mode;0
Discrete Inputs;1686; No.1 HO Feed Pump - Auto start;0
Discrete Inputs;1687; No.1 HO Feed Pump - Auto stop;0
Discrete Inputs;1688; No.1 HO Feed Pump - Abnormal trip;0
Discrete Inputs;1689; No.1 HO Feed Pump - Running;0
Discrete Inputs;1690; No.1 HO Feed Pump - Auto mode;0
Discrete Inputs;1691; No.2 HO Feed Pump - Auto start;0
Discrete Inputs;1692; No.2 HO Feed Pump - Auto stop;0
Discrete Inputs;1693; No.2 HO Feed Pump - Abnormal trip;0
Discrete Inputs;1694; No.2 HO Feed Pump - Running;0
Discrete Inputs;1695; No.2 HO Feed Pump - Auto mode;0
Discrete Inputs;1696; No.1 FO Drain Pump - Auto start;0
Discrete Inputs;1697; No.1 FO Drain Pump - Auto stop;0
Discrete Inputs;1698; No.1 FO Drain Pump - Abnormal trip;0
Discrete Inputs;1699; No.1 FO Drain Pump - Running;0
Discrete Inputs;1700; No.1 FO Drain Pump - Auto mode;0
Discrete Inputs;1701; No.2 FO Drain Pump - Auto start;0
Discrete Inputs;1702; No.2 FO Drain Pump - Auto stop;0
Discrete Inputs;1703; No.2 FO Drain Pump - Abnormal trip;0
Discrete Inputs;1704; No.2 FO Drain Pump - Running;0
Discrete Inputs;1705; No.2 FO Drain Pump - Auto mode;0
Discrete Inputs;1706; No.1 Inlet Fan - Auto start;0
Discrete Inputs;1707; No.1 Inlet Fan - Auto stop;0
Discrete Inputs;1708; No.1 Inlet Fan - Abnormal trip;0
Discrete Inputs;1709; No.1 Inlet Fan - Running;0
Discrete Inputs;1710; No.1 Inlet Fan - Auto mode;0
Discrete Inputs;1711; No.2 Inlet Fan - Auto start;0
Discrete Inputs;1712; No.2 Inlet Fan - Auto stop;0
Discrete Inputs;1713; No.2 Inlet Fan - Abnormal trip;0
Discrete Inputs;1714; No.2 Inlet Fan - Running;0
Discrete Inputs;1715; No.2 Inlet Fan - Auto mode;0
Discrete Inputs;1716; No.3 Inlet Fan - Auto start;0
Discrete Inputs;1717; No.3 Inlet Fan - Auto stop;0
Discrete Inputs;1718; No.3 Inlet Fan - Abnormal trip;0
Discrete Inputs;1719; No.3 Inlet Fan - Running;0
Discrete Inputs;1720; No.3 Inlet Fan - Auto mode;0
Discrete Inputs;1721; No.4 Inlet Fan - Auto start;0
Discrete Inputs;1722; No.4 Inlet Fan - Auto stop;0
Discrete Inputs;1723; No.4 Inlet Fan - Abnormal trip;0
Discrete Inputs;1724; No.4 Inlet Fan - Running;0
Discrete Inputs;1725; No.4 Inlet Fan - Auto mode;0
Discrete Inputs;1726; No.5 Inlet Fan - Auto start;0
Discrete Inputs;1727; No.5 Inlet Fan - Auto stop;0
Discrete Inputs;1728; No.5 Inlet Fan - Abnormal trip;0
Discrete Inputs;1729; No.5 Inlet Fan - Running;0
Discrete Inputs;1730; No.5 Inlet Fan - Auto mode;0
Discrete Inputs;1731; No.1 Outlet Fan - Auto start;0
Discrete Inputs;1732; No.1 Outlet Fan - Auto stop;0
Discrete Inputs;1733; No.1 Outlet Fan - Abnormal trip;0
Discrete Inputs;1734; No.1 Outlet Fan - Running;0
Discrete Inputs;1735; No.1 Outlet Fan - Auto mode;0
Discrete Inputs;1736; No.2 Outlet Fan - Auto start;0
Discrete Inputs;1737; No.2 Outlet Fan - Auto stop;0
Discrete Inputs;1738; No.2 Outlet Fan - Abnormal trip;0
Discrete Inputs;1739; No.2 Outlet Fan - Running;0
Discrete Inputs;1740; No.2 Outlet Fan - Auto mode;0
Discrete Inputs;1741; No.3 Outlet Fan - Auto start;0
Discrete Inputs;1742; No.3 Outlet Fan - Auto stop;0
Discrete Inputs;1743; No.3 Outlet Fan - Abnormal trip;0
Discrete Inputs;1744; No.3 Outlet Fan - Running;0
Discrete Inputs;1745; No.3 Outlet Fan - Auto mode;0
Discrete Inputs;1746; No.4 Outlet Fan - Auto start;0
Discrete Inputs;1747; No.4 Outlet Fan - Auto stop;0
Discrete Inputs;1748; No.4 Outlet Fan - Abnormal trip;0
Discrete Inputs;1749; No.4 Outlet Fan - Running;0
Discrete Inputs;1750; No.4 Outlet Fan - Auto mode;0
Discrete Inputs;1751; No.5 Outlet Fan - Auto start;0
Discrete Inputs;1752; No.5 Outlet Fan - Auto stop;0
Discrete Inputs;1753; No.5 Outlet Fan - Abnormal trip;0
Discrete Inputs;1754; No.5 Outlet Fan - Running;0
Discrete Inputs;1755; No.5 Outlet Fan - Auto mode;0
Discrete Inputs;1756; Overhead crane - Abnormal trip;0
Discrete Inputs;1757; Overhead crane - Running;0
Discrete Inputs;1758; Air conditioner - Fault;0
Discrete Inputs;1759; Viscosity controller - Fault;0
Discrete Inputs;1760; L.O makeup Pump - Abnormal trip;0
Discrete Inputs;1761; L.O makeup Pump - Running;0
Discrete Inputs;1762; DO unloading pump - Abnormal trip;0
Discrete Inputs;1763; DO unloading pump - Running;0
Discrete Inputs;1764; HO unloading pump - Abnormal trip;0
Discrete Inputs;1765; HO unloading pump - Running;0
Discrete Inputs;1766; Inline heater - Auto start;0
Discrete Inputs;1767; Inline heater - Auto stop;0
Discrete Inputs;1768; Inline heater - Abnormal trip;0
Discrete Inputs;1769; Inline heater - Running;0
Discrete Inputs;1770; Inline heater - Auto mode;0
Discrete Inputs;1771; HO settling tank heater- Auto start;0
Discrete Inputs;1772; HO settling tank heater - Auto stop;0
Discrete Inputs;1773; HO settling tank heater - Abnormal trip;0
Discrete Inputs;1774; HO settling tank heater - Running;0
Discrete Inputs;1775; HO settling tank heater - Auto mode;0
Discrete Inputs;1776; No.1 HO purifier Heater - Fault;0
Discrete Inputs;1777; No.2 HO purifier Heater - Fault;0
Discrete Inputs;1778; No.1 HO purifier Pump - Abnormal trip;0
Discrete Inputs;1779; No.1 HO purifier Pump - Running;0
Discrete Inputs;1780; No.2 HO purifier Pump - Abnormal trip;0
Discrete Inputs;1781; No.2 HO purifier Pump - Running;0
Discrete Inputs;1782; No.1 HO service tank heater - Auto start;0
Discrete Inputs;1783; No.1 HO service tank heater - Auto stop;0
Discrete Inputs;1784; No.1 HO service tank heater - Abnormal trip;0
Discrete Inputs;1785; No.1 HO service tank heater - Running;0
Discrete Inputs;1786; No.1 HO service tank heater - Auto mode;0
Discrete Inputs;1787; No.2 HO service tank heater - Auto start;0
Discrete Inputs;1788; No.2 HO service tank heater - Auto stop;0
Discrete Inputs;1789; No.2 HO service tank heater - Abnormal trip;0
Discrete Inputs;1790; No.2 HO service tank heater - Running;0
Discrete Inputs;1791; No.2 HO service tank heater - Auto mode;0
Discrete Inputs;1792; HO line heater - Fault;0
Discrete Inputs;1793; HO back wash filter - Fault;0
Discrete Inputs;1794; No.1 F.O drain tank heater - Auto start;0
Discrete Inputs;1795; No.1 F.O drain tank heater - Auto stop;0
Discrete Inputs;1796; No.1 F.O drain tank heater - Abnormal trip;0
Discrete Inputs;1797; No.1 F.O drain tank heater - Running;0
Discrete Inputs;1798; No.1 F.O drain tank heater - Auto mode;0
Discrete Inputs;1799; No.2 F.O drain tank heater - Auto start;0
Discrete Inputs;1800; No.2 F.O drain tank heater - Auto stop;0
Discrete Inputs;1801; No.2 F.O drain tank heater - Abnormal trip;0
Discrete Inputs;1802; No.2 F.O drain tank heater - Running;0
Discrete Inputs;1803; No.2 F.O drain tank heater - Auto mode;0
Discrete Inputs;1804; Drain discharge pump - Abnormal trip;0
Discrete Inputs;1805; Drain discharge pump - Running;0
Discrete Inputs;1806; Make up water pump - Abnormal trip;0
Discrete Inputs;1807; Make up water pump - Running;0
Discrete Inputs;1812; Spare - Auto stop;0
Discrete Inputs;1813; Spare - Abnormal trip;0
Discrete Inputs;1824; Sludge transfer pump - Auto start;0
Discrete Inputs;1825; Sludge transfer pump - Auto stop;0
Discrete Inputs;1826; Sludge transfer pump - Abnormal trip;0
Discrete Inputs;1827; Sludge transfer pump - Running;0
Discrete Inputs;1828; Sludge transfer pump - Auto mode;0
Discrete Inputs;1829; Spare - Auto start;0
Discrete Inputs;1832; Spare - Running;0
Discrete Inputs;1833; Spare - Auto mode;0
Discrete Inputs;1834; No.1 Oily water drain pump - Abnormal trip;0
Discrete Inputs;1835; No.1 Oily water drain pump - Running;0
Discrete Inputs;1836; No.2 Oily water drain pump - Abnormal trip;0
Discrete Inputs;1837; No.2 Oily water drain pump - Running;0
Discrete Inputs;1838; Water supply pump - Abnormal trip;0
Discrete Inputs;1839; Water supply pump - Running;0
Discrete Inputs;1840; Lighting for Engine room;0
Discrete Inputs;1841; Control Panel;0
Discrete Inputs;1846; Heat trace No.1;0
Discrete Inputs;1847; Heat trace No.2;0
Discrete Inputs;1848; Heat trace No.3;0
Discrete Inputs;1849; Heat trace No.4;0
Discrete Inputs;1850; Heat trace No.5;0
Discrete Inputs;1851; Heat trace No.6;0
Discrete Inputs;1852; Heat trace No.7;0
Discrete Inputs;1853; Heat trace No.8;0
Discrete Inputs;1854; Heat trace No.9;0
Discrete Inputs;1855; Heat trace No.10;0
Discrete Inputs;1856; Heat trace No.11;0
Discrete Inputs;1857; Heat trace No.12;0
Discrete Inputs;1858; Heat trace No.13;0
Discrete Inputs;1859; Heat trace No.14;0
Discrete Inputs;1860; Heat trace No.15;0
Discrete Inputs;1861; Heat trace No.16;0
Discrete Inputs;1862; Heat trace No.17;0
Discrete Inputs;1863; Heat trace No.18;0
Discrete Inputs;1864; Heat trace No.19;0
Discrete Inputs;1865; Heat trace No.20;0
Discrete Inputs;1866; Heat trace No.21;0
Discrete Inputs;1867; Heat trace No.22;0
Discrete Inputs;1868; Heat trace No.23;0
Discrete Inputs;1869; Heat trace No.24;0
Holding Registers;40001;D/G#1 T/C Outlet Temp;0
Holding Registers;40002;D/G#1 Oil Mist Level;0
Holding Registers;40003;D/G#1 Stator Winding Temp U;0
Holding Registers;40004;D/G#1 Stator Winding Temp V;0
Holding Registers;40005;D/G#1 Stator Winding Temp W;0
Holding Registers;40006;D/G#1 Bearing Temp (Fly-wheel side);0
Holding Registers;40007;D/G#1 Bearing Temp (Anit-Fly-wheel side);0
Holding Registers;40008;D/G#1 Cyl 1 Exhaust Temp;0
Holding Registers;40009;D/G#1 Cyl 2 Exhaust Temp;0
Holding Registers;40010;D/G#1 Cyl 3 Exhaust Temp;0
Holding Registers;40011;D/G#1 Cyl 4 Exhaust Temp;0
Holding Registers;40012;D/G#1 Cyl 5 Exhaust Temp;0
Holding Registers;40013;D/G#1 Cyl 6 Exhaust Temp;0
Holding Registers;40014;D/G#1 T/C Inlet Temp;0
Holding Registers;40015;D/G#1 Fuel Oil Pressure;0
Holding Registers;40016;D/G#1 Jacket Water Pressure;0
Holding Registers;40017;D/G#1 Cooler Water Pressure;0
Holding Registers;40018;D/G#1 Engine LO Pressure;0
Holding Registers;40019;D/G#1 Turbo LO Pressure;0
Holding Registers;40020;D/G#1 Intake Air Pressure;0
Holding Registers;40021;D/G#1 Jacket Water Inlet Temp;0
Holding Registers;40022;D/G#1 Jacket Water Outlet Temp;0
Holding Registers;40023;D/G#1 Cooler Water Inlet Temp;0
Holding Registers;40024;D/G#1 Cooler Water Outlet Temp;0
Holding Registers;40025;D/G#1 LO Cooler Inlet Temp;0
Holding Registers;40026;D/G#1 LO Cooler Outlet Temp;0
Holding Registers;40027;D/G#1 TEMP. SENSOR FOR COOLER WATER BEFORE L.O. COOLER;0
Holding Registers;40028;D/G#1 DO Engine Inlet Temp;0
Holding Registers;40029;D/G#1 DO Engine Return Temp;0
Holding Registers;40030;D/G#1 HO Engine Inlet Temp;0
Holding Registers;40031;D/G#1 HO Engine Return Temp;0
Holding Registers;40033;D/G#1 Generator Voltage ;0
Holding Registers;40034;D/G#1 Generator Frequency;0
Holding Registers;40036;D/G#1 Generator Current;0
Holding Registers;40038;D/G#1 Engine Power  ;0
Holding Registers;40039;D/G#1 Engine Speed;0
Holding Registers;40051;D/G#1 DO Transfer Flow;0
Holding Registers;40053;D/G#1 DO Engine Inlet Flow;0
Holding Registers;40055;D/G#1 DO Engine Return Flow;0
Holding Registers;40057;D/G#1 HO Transfer Flow;0
Holding Registers;40059;D/G#1 HO Engine Inlet Flow;0
Holding Registers;40061;D/G#1 HO Engine Return Flow;0
Holding Registers;40063;D/G#1 Engine Running hours  ;0
Holding Registers;40101;D/G#2 T/C Outlet Temp;0
Holding Registers;40102;D/G#2 Oil Mist Level;0
Holding Registers;40103;D/G#2 Stator Winding Temp U;0
Holding Registers;40104;D/G#2 Stator Winding Temp V;0
Holding Registers;40105;D/G#2 Stator Winding Temp W;0
Holding Registers;40106;D/G#2 Bearing Temp (Fly-wheel side);0
Holding Registers;40107;D/G#2 Bearing Temp (Anit-Fly-wheel side);0
Holding Registers;40108;D/G#2 Cyl 1 Exhaust Temp;0
Holding Registers;40109;D/G#2 Cyl 2 Exhaust Temp;0
Holding Registers;40110;D/G#2 Cyl 3 Exhaust Temp;0
Holding Registers;40111;D/G#2 Cyl 4 Exhaust Temp;0
Holding Registers;40112;D/G#2 Cyl 5 Exhaust Temp;0
Holding Registers;40113;D/G#2 Cyl 6 Exhaust Temp;0
Holding Registers;40114;D/G#1 T/C Inlet Temp;0
Holding Registers;40115;D/G#2 Fuel Oil Pressure;0
Holding Registers;40116;D/G#2 Jacket Water Pressure;0
Holding Registers;40117;D/G#2 Cooler Water Pressure;0
Holding Registers;40118;D/G#2 Engine LO Pressure;0
Holding Registers;40119;D/G#2 Turbo LO Pressure;0
Holding Registers;40120;D/G#2 Intake Air Pressure;0
Holding Registers;40121;D/G#2 Jacket Water Inlet Temp;0
Holding Registers;40122;D/G#2 Jacket Water Outlet Temp;0
Holding Registers;40123;D/G#2 Cooler Water Inlet Temp;0
Holding Registers;40124;D/G#2 Cooler Water Outlet Temp;0
Holding Registers;40125;D/G#2 LO Cooler Inlet Temp;0
Holding Registers;40126;D/G#2 LO Cooler Outlet Temp;0
Holding Registers;40127;D/G#2 TEMP. SENSOR FOR COOLER WATER BEFORE L.O. COOLER;0
Holding Registers;40128;D/G#2 DO Engine Inlet Temp;0
Holding Registers;40129;D/G#2 DO Engine Return Temp;0
Holding Registers;40130;D/G#2 HO Engine Inlet Temp;0
Holding Registers;40131;D/G#2 HO Engine Return Temp;0
Holding Registers;40133;D/G#2 Generator Voltage ;0
Holding Registers;40134;D/G#2 Generator Frequency;0
Holding Registers;40136;D/G#2 Generator Current;0
Holding Registers;40138;D/G#2 Engine Power  ;0
Holding Registers;40139;D/G#2 Engine Speed;0
Holding Registers;40151;D/G#2 DO Transfer Flow;0
Holding Registers;40153;D/G#2 DO Engine Inlet Flow;0
Holding Registers;40155;D/G#2 DO Engine Return Flow;0
Holding Registers;40157;D/G#2 HO Transfer Flow;0
Holding Registers;40159;D/G#2 HO Engine Inlet Flow;0
Holding Registers;40161;D/G#2 HO Engine Return Flow;0
Holding Registers;40163;D/G#2 Engine Running hours;0
Holding Registers;40201;D/G#3 T/C Outlet Temp;0
Holding Registers;40202;D/G#3 Oil Mist Level;0
Holding Registers;40203;D/G#3 Stator Winding Temp U;0
Holding Registers;40204;D/G#3 Stator Winding Temp V;0
Holding Registers;40205;D/G#3 Stator Winding Temp W;0
Holding Registers;40206;D/G#3 Bearing Temp (Fly-wheel side);0
Holding Registers;40207;D/G#3 Bearing Temp (Anit-Fly-wheel side);0
Holding Registers;40208;D/G#3 Cyl 1 Exhaust Temp;0
Holding Registers;40209;D/G#3 Cyl 2 Exhaust Temp;0
Holding Registers;40210;D/G#3 Cyl 3 Exhaust Temp;0
Holding Registers;40211;D/G#3 Cyl 4 Exhaust Temp;0
Holding Registers;40212;D/G#3 Cyl 5 Exhaust Temp;0
Holding Registers;40213;D/G#3 Cyl 6 Exhaust Temp;0
Holding Registers;40214;D/G#1 T/C Inlet Temp;0
Holding Registers;40215;D/G#3 Fuel Oil Pressure;0
Holding Registers;40216;D/G#3 Jacket Water Pressure;0
Holding Registers;40217;D/G#3 Cooler Water Pressure;0
Holding Registers;40218;D/G#3 Engine LO Pressure;0
Holding Registers;40219;D/G#3 Turbo LO Pressure;0
Holding Registers;40220;D/G#3 Intake Air Pressure;0
Holding Registers;40221;D/G#3 Jacket Water Inlet Temp;0
Holding Registers;40222;D/G#3 Jacket Water Outlet Temp;0
Holding Registers;40223;D/G#3 Cooler Water Inlet Temp;0
Holding Registers;40224;D/G#3 Cooler Water Outlet Temp;0
Holding Registers;40225;D/G#3 LO Cooler Inlet Temp;0
Holding Registers;40226;D/G#3 LO Cooler Outlet Temp;0
Holding Registers;40227;D/G#3 TEMP. SENSOR FOR COOLER WATER BEFORE L.O. COOLER;0
Holding Registers;40228;D/G#3 DO Engine Inlet Temp;0
Holding Registers;40229;D/G#3 DO Engine Return Temp;0
Holding Registers;40230;D/G#3 HO Engine Inlet Temp;0
Holding Registers;40231;D/G#3 HO Engine Return Temp;0
Holding Registers;40233;D/G#3 Generator Voltage ;0
Holding Registers;40234;D/G#3 Generator Frequency  ;0
Holding Registers;40236;D/G#3 Generator Current  ;0
Holding Registers;40238;D/G#3 Engine Power  ;0
Holding Registers;40239;D/G#3 Engine Speed;0
Holding Registers;40251;D/G#3 DO Transfer Flow;0
Holding Registers;40253;D/G#3 DO Engine Inlet Flow;0
Holding Registers;40255;D/G#3 DO Engine Return Flow;0
Holding Registers;40257;D/G#3 HO Transfer Flow;0
Holding Registers;40259;D/G#3 HO Engine Inlet Flow;0
Holding Registers;40261;D/G#3 HO Engine Return Flow;0
Holding Registers;40263;D/G#3 Engine Running hours;0
Holding Registers;40301;D/G#4 T/C Outlet Temp;0
Holding Registers;40302;D/G#4 Oil Mist Level;0
Holding Registers;40303;D/G#4 Stator Winding Temp U;0
Holding Registers;40304;D/G#4 Stator Winding Temp V;0
Holding Registers;40305;D/G#4 Stator Winding Temp W;0
Holding Registers;40306;D/G#4 Bearing Temp (Fly-wheel side);0
Holding Registers;40307;D/G#4 Bearing Temp (Anit-Fly-wheel side);0
Holding Registers;40308;D/G#4 Cyl 1 Exhaust Temp;0
Holding Registers;40309;D/G#4 Cyl 2 Exhaust Temp;0
Holding Registers;40310;D/G#4 Cyl 3 Exhaust Temp;0
Holding Registers;40311;D/G#4 Cyl 4 Exhaust Temp;0
Holding Registers;40312;D/G#4 Cyl 5 Exhaust Temp;0
Holding Registers;40313;D/G#4 Cyl 6 Exhaust Temp;0
Holding Registers;40314;D/G#1 T/C Inlet Temp;0
Holding Registers;40315;D/G#4 Fuel Oil Pressure;0
Holding Registers;40316;D/G#4 Jacket Water Pressure;0
Holding Registers;40317;D/G#4 Cooler Water Pressure;0
Holding Registers;40318;D/G#4 Engine LO Pressure;0
Holding Registers;40319;D/G#4 Turbo LO Pressure;0
Holding Registers;40320;D/G#4 Intake Air Pressure;0
Holding Registers;40321;D/G#4 Jacket Water Inlet Temp;0
Holding Registers;40322;D/G#4 Jacket Water Outlet Temp;0
Holding Registers;40323;D/G#4 Cooler Water Inlet Temp;0
Holding Registers;40324;D/G#4 Cooler Water Outlet Temp;0
Holding Registers;40325;D/G#4 LO Cooler Inlet Temp;0
Holding Registers;40326;D/G#4 LO Cooler Outlet Temp;0
Holding Registers;40327;D/G#4 TEMP. SENSOR FOR COOLER WATER BEFORE L.O. COOLER;0
Holding Registers;40328;D/G#4 DO Engine Inlet Temp;0
Holding Registers;40329;D/G#4 DO Engine Return Temp;0
Holding Registers;40330;D/G#4 HO Engine Inlet Temp;0
Holding Registers;40331;D/G#4 HO Engine Return Temp;0
Holding Registers;40333;D/G#4 Generator Voltage;0
Holding Registers;40334;D/G#4 Generator Frequency  ;0
Holding Registers;40336;D/G#4 Generator Current  ;0
Holding Registers;40338;D/G#4 Engine Power  ;0
Holding Registers;40339;D/G#4 Engine Speed;0
Holding Registers;40351;D/G#4 DO Transfer Flow;0
Holding Registers;40353;D/G#4 DO Engine Inlet Flow;0
Holding Registers;40355;D/G#4 DO Engine Return Flow;0
Holding Registers;40357;D/G#4 HO Transfer Flow;0
Holding Registers;40359;D/G#4 HO Engine Inlet Flow;0
Holding Registers;40361;D/G#4 HO Engine Return Flow;0
Holding Registers;40363;D/G#4 Engine Running hours;0
Holding Registers;40401; PRESS SENSOR FOR AIR RECEIVER;0
Holding Registers;40402; PRESS SENSOR FOR AIR RECEIVER;0
Holding Registers;40403; PRESS SENSOR FOR AIR RECEIVER;0
